电影名称,总票房,类型
哪吒之魔童降世,497286,动画
流浪地球,465592,科幻
我和我的祖国,266138,剧情
中国机长,253041,剧情
疯狂的外星人,220293,喜剧
飞驰人生,171785,喜剧
扫毒2：天地对决,129731,动作
攀登者,101386,剧情
银河补习班,87235,剧情
反贪风暴4,79551,动作
熊出没・原始时代,71518,动画
使徒行者2：谍影行动,69943,动作
新喜剧之王,62495,喜剧
白蛇：缘起,45018,动画
最好的我们,41307,爱情
诛仙Ⅰ,40258,古装
“大”人物,37982,动作
老师・好,35416,剧情
罗小黑战记,31354,动画
追龙Ⅱ,30708,犯罪
小小的愿望,26716,喜剧
沉默的证人,17975,动作
一吻定情,17362,爱情
犯罪现场,17291,犯罪
神探蒲松龄,15296,奇幻
小猪佩奇过大年,12438,动画
上海堡垒,12196,科幻
下一任：前任,12127,爱情
廉政风云,11443,剧情
决胜时刻,11187,剧情
小Q,11040,剧情
鼠胆英雄,10116,喜剧
雪人奇缘,10018,动画
全职高手之巅峰荣耀,8510,动画
风中有朵雨做的云,6497,悬疑
人间・喜剧,6297,喜剧
碟仙,5236,惊悚
妈阁是座城,5048,剧情
地久天长,4522,爱情
铤而走险,4426,剧情
钢铁飞龙之奥特曼崛起,4364,动作
跳舞吧！大象,3911,剧情
猪猪侠・不可思议的世界,3596,动画
古田军号,3525,战争
家和万事惊,3263,喜剧
秦明・生死语者,2992,犯罪
送我上青云,2951,剧情
红星照耀中国,2951,战争
周恩来回延安,2824,剧情
雪暴,2820,剧情
深夜食堂,2413,剧情
潜艇总动员：外星宝贝计划,2398,动画
如影随心,2368,爱情
巧虎大飞船历险记,2322,动画
素人特工,2247,喜剧
八子,2074,动作
回到过去拥抱你,1969,爱情
悟空奇遇记,1904,动画
狗眼看人心,1861,剧情
龙牌之谜,1851,奇幻
九龙不败,1805,动作
双生,1767,剧情
未来机器城,1690,动画
转型团伙,1675,喜剧
看不见的小孩,1667,惊悚
我的青春都是你,1486,爱情
黄玫瑰,1299,剧情
四个春天,1060,纪录片
桂香街,1060,剧情
撞死了一只羊,1038,剧情
青蛙王子历险记,1037,喜剧
过春天,996,剧情
燃点,820,纪录片
最长1枪,808,剧情
战斗民族养成记,804,爱情
大侦探霍桑,798,喜剧
港珠澳大桥,751,纪录片
武陵山上的星光,748,剧情
欲念游戏,748,剧情
逗爱熊仁镇,631,爱情
一生只为一事来,592,剧情
古井凶灵,535,惊悚
原来如此,526,惊悚
废柴老爸,521,喜剧
在乎你,505,爱情
闯堂兔3迨惫饣,501,动画
疯狂梦幻城,500,动画
音乐家,495,剧情
国礼,447,剧情
童童的风铃密室,446,惊悚
功夫四侠：勇闯地宫,441,动画
阳台上,398,剧情
灰猴,388,喜剧
花儿与歌声,377,剧情
尺八・一声一世,374,纪录片
零零后,371,纪录片
毕业的我们,350,青春
丑娃娃,348,动画
醒来之爱的呼唤,344,剧情
守灵,337,惊悚
亲密旅行,330,剧情
动物出击,309,儿童
夜伴歌声,304,惊悚
打过长江去,286,剧情
极度危机,274,剧情
我的宠物是大象,256,喜剧
大河唱,234,纪录片
营救汪星人,210,喜剧
当我们海阔天空,206,青春
共同命运,195,纪录片
少女宿舍,192,惊悚
匠心,189,剧情
江南,187,动画
花椒之味,182,剧情
一切如你,157,剧情
难以置信,152,剧情
三重威胁之跨国大营救,152,动作
蓝色生死恋,149,爱情
五十米之恋,137,爱情
好小子，好功夫,130,剧情
学区房72小时,114,剧情
猫公主苏菲,111,动画
我们的爱情,110,爱情
江海渔童之巨龟奇缘,97,动画
致命梦魇,97,惊悚
老公去哪了,86,爱情
疯狂斗牛场,75,动画
大话西游之成长的烦恼,46,喜剧
长官传奇,41,传记
九克拉战栗,41,惊悚
逆罪,24,惊悚
参娃与天池怪兽之瑞雪兆丰年,22,动画
空巢也疯狂,20,剧情
始石疯暴,1,动画
白门柳,,剧情
迥薪化论,,爱情
红海行动,365079,动作
唐人街探案2,339769,喜剧
我不是药神,309996,剧情
西虹市首富,254757,喜剧
捉妖记2,223708,奇幻
后来的我们,136152,爱情
一出好戏,135505,喜剧
无双,127377,动作
超时空同居,89988,爱情
无名之辈,79454,剧情
无问西东,75430,爱情
西游记女儿国,72738,奇幻
来电狂响,64045,喜剧
影,62899,动作
狄仁杰之四大天王,60634,动作
熊出没・变形记,60550,动画
李茶的姑妈,60435,喜剧
邪不压正,58348,动作
爱情公寓,55543,爱情
动物世界,50968,动作
厉害了，我的国,48056,纪录片
反贪风暴3,44299,动作
快把我哥带走,37531,喜剧
幕后玩家,35861,剧情
悲伤逆流成河,35665,爱情
黄金兄弟,31749,动作
找到你,28528,剧情
地球最后的夜晚,28214,剧情
胖子行动队,26107,喜剧
南极之恋,23448,爱情
猛虫过江,20365,喜剧
祖宗十九代,16984,喜剧
欧洲攻略,15321,动作
云南虫谷,15018,奇幻
大师兄,14630,剧情
叶问外传：张天志,13183,动作
新乌龙院之笑闹江湖,13098,喜剧
天气预爆,12384,喜剧
风语咒,11285,奇幻
21克拉,11013,爱情
神秘世界历险记4,10477,动画
幸福马上来,10113,喜剧
浴血广昌,9988,战争
昨日青空,8383,爱情
你好，之华,8022,爱情
武林怪兽,7966,奇幻
阿凡提之奇缘历险,7696,动画
冰雪女王3：火与冰,7422,动画
潜艇总动员：海底两万里,7271,动画
泄密者,7082,动作
江湖儿女,6995,爱情
龙虾刑警,6879,喜剧
闺蜜2,6434,喜剧
英雄本色2018,6307,动作
新灰姑娘,6014,动画
暴裂无声,5426,动作
狗十三,5131,剧情
遇见你真好,5101,爱情
断片之险途夺宝,5043,喜剧
阿修罗,4984,奇幻
谜巢,4950,动作
爸，我一定行的,4707,剧情
卧底巨星,3927,喜剧
战神纪,3808,古装
妈妈咪鸭,3808,动画
大闹西游,3785,动画
我是你妈,3682,喜剧
脱单告急,3502,喜剧
低压槽：欲望之城,3491,动作
奇葩朵朵,3021,爱情
恐龙王,2862,动画
照相师,2839,剧情
金龟子,2778,动画
大路朝天,2660,剧情
宝贝儿,2472,剧情
坏爸爸,2448,剧情
猫与桃花源,2180,动画
魔镜奇缘2,2063,动画
中国合伙人2,2030,爱情
泡芙小姐,1934,爱情
天渠,1872,剧情
功夫联盟,1798,动作
中国蓝盔,1793,动作
我说的都是真的,1784,喜剧
深海历险记,1760,动画
古剑奇谭之流月昭明,1412,奇幻
为你写诗,1278,爱情
李保国,1277,剧情
道高一丈,1207,犯罪
信仰者,1161,剧情
天慕,1066,剧情
黄大年,1055,剧情
阿里巴巴三根金发,1008,动画
龟兔大作战,1008,动画
说走就走之不说再见,987,爱情
24小时：末路重生,977,动作
远去的牧歌,974,剧情
解码游戏,969,喜剧
最后一公里,905,剧情
小悟空,881,动画
人怕出名猪怕壮,838,喜剧
又是一年三月三,806,剧情
脱皮爸爸,803,喜剧
未择之路,745,剧情
香港大营救,678,剧情
大寒,670,剧情
小公主艾薇拉与神秘王国,662,动画
敦煌不了情,612,喜剧
麦兵兵之夺宝联“萌”,606,喜剧
出山记,589,纪录片
文朝荣,549,传记
警车联盟,532,动画
两只小猪之勇闯神秘岛,510,动画
美食大冒险之英雄烩,503,动画
那些女人,496,战争
生活万岁,491,纪录片
吃货宇宙,486,动画
李学生,477,剧情
毕业作品,457,悬疑
黑暗迷宫,412,悬疑
西北风云,403,剧情
寻找罗麦,402,爱情
暗夜良人,399,剧情
S4侠降魔记,363,喜剧
你美丽了我的人生,363,爱情
午夜幽灵,337,惊悚
冷恋时代,335,剧情
午夜整容室,324,惊悚
二十岁,320,剧情
尖叫直播,311,喜剧
记忆折叠,309,悬疑
超时空大冒险,286,动画
肆式青春,283,动画
灵魂契约,274,惊悚
大世界,263,动画
恐怖浴室,254,惊悚
路过未来,254,剧情
阿拉姜色,244,剧情
午夜十二点,236,惊悚
纯洁心灵・逐梦演艺圈,234,青春
美丽童年,233,剧情
米花之味,230,剧情
黑暗深处之惊魂夜,228,惊悚
恐怖快递,227,惊悚
两个俏公主,223,动画
暮光・巴黎,209,爱情
禹神传之寻找神力,206,动画
归雁,204,剧情
玲珑井,198,惊悚
亲爱的，我要和别人结婚了,194,爱情
西小河的夏天,192,剧情
凌晨两点半,187,惊悚
足球王者,185,动画
让我怎么相信你,184,剧情
小狗奶瓶,165,剧情
古墓兽影,154,动作
黄金花,151,剧情
细思极恐,150,惊悚
毛骨悚然之红衣男孩,148,惊悚
热土,148,剧情
冒牌搭档,147,喜剧
命运速递,141,剧情
一个人的课堂,137,剧情
开学悸,137,惊悚
荒城纪,137,喜剧
因果启示录,133,剧情
大三儿,131,纪录片
伊阿索密码,131,科幻
灵魂当铺之时间典当,128,悬疑
监狱犬计划,125,剧情
一百年很长吗,124,纪录片
忠犬大营救,121,喜剧
正正的世界,119,剧情
非洲遇见你,116,动作
我要去远方,112,剧情
海龙屯,108,纪录片
蓝色金鱼,106,爱情
三国杀・幻,105,动作
最后的棒棒,101,纪录片
泡菜爱上小龙虾,95,喜剧
萌学园：寻找盘古,86,科幻
张艺谋和他的“影”,82,纪录片
O,76,惊悚
一纸婚约,75,爱情
地层深处,74,纪录片
北方一片苍茫,73,剧情
吻隐者,70,剧情
美丽战争,70,动作
快乐星球之三十六号,69,儿童
在天堂等我,50,剧情
大唐风云2,49,动画
青春不留白,48,剧情
奇幻梦之旅,48,爱情
破天荒,44,剧情
天佑之爱,36,奇幻
红盾先锋,35,剧情
皮鞋,32,剧情
我的渡口,29,剧情
梦境之源,29,剧情
自行车与旧电钢,28,纪录片
奶奶的家,28,剧情
沿海出发,27,剧情
一辈子的姐弟,25,剧情
片警宝音,25,剧情
左滩,23,剧情
向阳的日子,23,剧情
淡蓝琥珀,23,剧情
夜魔奇案,23,惊悚
八只鸡,18,儿童
云上日出,14,战争
不一样的焰火,14,剧情
明天有多远,12,剧情
请你记住我,12,爱情
33号公路,9,爱情
爱在归来那一天,9,爱情
来日方长,7,喜剧
超萌特攻,6,动画
堡藏,4,喜剧
有5个姐姐的我就注定要单身了啊,3,爱情
寄生夙愿,3,悬疑
铁臂双雄,3,爱情
二胎来了,2,剧情
爱在湘西,1,爱情
追宝狂想曲,1,剧情
正好的我们,1,剧情
那些名字那些年,1,剧情
苗寨情缘,0,剧情
暗剑,0,战争
谁是坏孩子,0,剧情
缘・梦,0,爱情
寻娃总动员,0,剧情
拳职妈妈,0,剧情
美少女壮士,0,爱情
锁,,剧情
怨灵玩偶,,惊悚
世界上最远的距离,,爱情
信守,,剧情
红高粱（重映）,,剧情
旗袍先生（重映）,,爱情
水族魂1944,,爱情
战狼2,567927,动作
羞羞的铁拳,220175,喜剧
前任3：再见前任,194174,爱情
功夫瑜伽,175260,动作
西游伏妖篇,165593,奇幻
芳华,142258,剧情
乘风破浪,104853,剧情
大闹天竺,75793,喜剧
悟空传,69654,动作
追龙,57465,犯罪
英伦对决,53695,动作
三生三世十里桃花,53454,爱情
妖猫传,53003,奇幻
熊出没之奇幻空间,52250,动画
杀破狼・贪狼,52157,动作
缝纫机乐队,45671,剧情
建军大业,40352,战争
嫌疑人X的献身,40203,剧情
拆弹专家,40049,动作
妖铃铃,36304,喜剧
机器之血,30533,科幻
心理罪,30397,动作
奇门遁甲,29964,动作
记忆大师,29292,剧情
二代妖精之今生有幸,29217,奇幻
侠盗联盟,23687,动作
心理罪之城市之光,22409,剧情
解忧杂货店,22305,剧情
喜欢你,21075,爱情
逆时营救,20123,科幻
春娇救志明,17555,爱情
二十二,17043,剧情
非凡任务,15646,剧情
王牌保镖,13967,喜剧
十万个冷笑话2,13364,动画
大卫贝肯之倒霉特工熊,12636,动画
父子雄兵,12528,喜剧
傲娇与偏见,12426,爱情
决战食神,12191,动作
鲛珠传,11358,奇幻
十八洞村,10711,剧情
东北往事之破马张飞,10611,动作
追捕,10598,动作
七十七天,10362,剧情
游戏规则,10312,动作
冈仁波齐,10010,剧情
绑架者,9572,犯罪
降魔传,9165,喜剧
大护法,8760,动画
麦兜响当当,8316,动画
密战,7945,战争
血战湘江,7394,战争
反转人生,6951,喜剧
狂兽,6774,动作
欢乐喜剧人,6698,喜剧
龙之战,6534,战争
荡寇风云,6512,动作
闪光少女,6486,喜剧
破・局,6451,剧情
疯岳撬佳人,6386,喜剧
明月几时有,6342,剧情
合约男女,5952,爱情
巨额来电,5581,剧情
这就是命,5440,喜剧
昆塔：反转星球,5041,动画
引爆者,5024,动作
地球：神奇的一天,4778,纪录片
常在你左右,4684,犯罪
猪猪侠之英雄猪少年,4598,动画
喵星人,4476,奇幻
大耳朵图图之美食狂想曲,4329,动画
钢铁飞龙之再见奥特曼,4073,动画
毒。诫,4025,动作
有完没完,3742,喜剧
黑白迷宫,3311,剧情
重返・狼群,3299,纪录片
麻烦家族,3233,喜剧
玩偶奇兵,3171,动画
青禾男高,3041,爱情
阿唐奇遇,3040,动画
烽火芳菲,2944,战争
“吃吃”的爱,2750,喜剧
暴雪将至,2714,剧情
三只小猪2,2696,动画
二次初恋,2614,爱情
忠爱无言,2555,剧情
血狼犬,2519,剧情
完美有多美,2503,喜剧
天生不对,2429,爱情
嘉年华,2261,剧情
邹碧华,2072,剧情
相爱相亲,1826,剧情
相声大电影之我要幸福,1790,喜剧
美好的意外,1762,奇幻
极致追击,1754,动作
缉枪,1645,犯罪
抢红,1625,动作
健忘村,1605,喜剧
豆福传,1593,动画
我的爸爸是国王,1571,动画
神秘家族,1545,惊悚
提着心吊着胆,1369,喜剧
上海王,1365,爱情
情遇曼哈顿,1348,爱情
临时演员,1294,爱情
碟仙诡谭2,1280,惊悚
守边人,1270,剧情
小猫巴克里,1224,动画
兄弟，别闹！,1209,喜剧
六年，六天,1162,剧情
怨灵2,1143,惊悚
你若安好,1139,剧情
中国推销员,1121,剧情
咕噜咕噜美人鱼2,1073,动画
捍卫者,1032,战争
推理笔记,1022,剧情
异兽来袭,1011,科幻
美容针,1006,爱情
仙球大战,982,喜剧
我是马布里,890,剧情
那一场呼啸而过的青春,877,爱情
以爱为名,872,爱情
时间去哪儿了,854,剧情
萤火奇兵,799,动画
秘果,796,爱情
我是医生,795,剧情
不成问题的问题,777,剧情
会痛的十七岁,765,爱情
玛格丽特的春天,714,爱情
不期而遇,714,爱情
惊魂绣花鞋,594,惊悚
笔仙咒怨,581,惊悚
和田玉传奇,560,剧情
假如王子睡着了,546,爱情
恐怖理发店,503,惊悚
20:16,491,剧情
借眼,473,惊悚
通灵姐妹,471,惊悚
胡杨的夏天,467,剧情
S的秘密,458,爱情
指甲刀人魔,450,爱情
窦娥奇冤,447,剧情
八月,437,剧情
夜色撩人,377,爱情
诡域新娘,376,惊悚
青春逗,370,青春
深宫怨灵,370,惊悚
大象林旺之一炮成名,336,动画
蝴蝶公墓,334,爱情
皮绳上的魂,329,奇幻
爱的帕斯卡,329,爱情
一路逆风,328,纪录片
碟仙前传,315,惊悚
少年巴比伦,314,剧情
碟仙之毕业照,309,惊悚
超能龙骑侠,308,动画
花腰恋歌,306,爱情
小情书,291,爱情
怨灵宿舍之白纸女生,268,惊悚
恐怖电影院2,265,惊悚
恐怖毕业照2,244,惊悚
撞邪31号,236,惊悚
午夜惊魂路,233,惊悚
你在哪,231,悬疑
六人晚餐,228,爱情
因为爱情,225,爱情
乡关何处,222,剧情
心惊胆战,215,惊悚
夜半凶铃,214,惊悚
老兽,208,剧情
金珠玛米,193,剧情
冯梦龙传奇,191,传记
女人永远是对的,184,爱情
坑爹游戏,179,喜剧
画室惊魂,155,惊悚
诡眼,153,惊悚
血伞凶灵,149,惊悚
功夫小兔侠,147,动画
内心引力,142,纪录片
领袖1935,132,战争
我是谁的宝贝,130,剧情
怨灵宿舍之人偶老师,121,惊悚
诡井,104,惊悚
咖啡风暴,101,剧情
你往哪里跑,100,喜剧
谜域之噬魂岭,91,惊悚
惊魂七夜,85,惊悚
斗魂之熊孩子,83,儿童
党员登记表,80,剧情
惊悚小说,60,惊悚
夜闯寡妇村,58,惊悚
南哥,55,剧情
识色，幸也,49,爱情
我只认识你,49,纪录片
灿烂这一刻,44,剧情
大脚印,42,惊悚
童话先生,37,爱情
情比山高,35,剧情
北纬二十八度,34,爱情
猪太狼的夏天,33,喜剧
旋风女队,31,剧情
悔恨,30,爱情
热血时代,23,剧情
咸鱼传奇,17,喜剧
侗族大歌,17,爱情
爱情邮局,16,爱情
了不起的小家伙们,13,儿童
十三根金条,13,战争
逃离现场,13,惊悚
宝贝，再爱我一次,13,剧情
玩命大师,12,喜剧
蜜橘又红了,12,剧情
星期8,10,奇幻
大爱无言,10,剧情
迷情N小时,8,爱情
墨玉太极,6,惊悚
我的老兵爷爷,5,剧情
远亲,4,剧情
红剪花,3,剧情
紫薇飘香,2,剧情
镜头前的女人,2,爱情
水晶争夺战,2,喜剧
花鼓情,1,爱情
海阔天空,1,剧情
哈义乌,1,剧情
刺客2,0,动作
美人鱼,339211,爱情
西游记之孙悟空三打白骨精,120101,奇幻
湄公河行动,118818,动作
长城,117457,奇幻
澳门风云3,111821,喜剧
盗墓笔记,100453,悬疑
功夫熊猫3,100200,动画
绝地逃亡,88950,动作
从你的全世界路过,81423,爱情
北京遇上西雅图之不二情书,78680,爱情
叶问3,77031,动作
铁道飞虎,69985,动作
寒战2,67826,动作
情圣,65886,爱情
使徒行者,60631,动作
大鱼海棠,56533,动画
我不是潘金莲,48373,剧情
摆渡人,48297,喜剧
爵迹,38291,奇幻
火锅英雄,37054,剧情
大话西游3,36605,奇幻
致青春・原来你还在这里,33686,爱情
我的特工爷爷,32445,动作
熊出没之熊心归来,28775,动画
封神传奇,28397,动作
微微一笑很倾城,27585,爱情
王牌逗王牌,26034,喜剧
卧虎藏龙：青冥宝剑,25625,动作
赏金猎人,21351,动作
反贪风暴2,20909,动作
陆知马俐,19212,喜剧
谁的青春不迷茫,17991,爱情
最后的巫师猎人,17989,动作
驴得水,17306,剧情
危城,16739,动作
七月与安生,16695,爱情
比利・林恩的中场战事,16518,战争
夏有乔木 雅望天堂,15641,爱情
追凶者也,13590,剧情
高跟鞋先生,12996,爱情
28岁未成年,12937,爱情
睡在我上铺的兄弟,12782,爱情
极限挑战之皇家宝藏,12551,喜剧
罗曼蒂克消亡史,12297,剧情
三少爷的剑,10075,动作
三人行,10054,动作
新大头儿子和小头爸爸2一日成才,9058,动画
魔宫魅影,8844,爱情
百鸟朝凤,8695,剧情
所以……和黑粉结婚了,8118,爱情
梦想合伙人,8101,爱情
小门神,7868,动画
惊天大逆转,7866,悬疑
捉迷藏,7146,惊悚
我们诞生在中国,6665,纪录片
神秘世界历险记3,6550,动画
消失爱人,6448,爱情
女汉子真爱公式,6338,爱情
超级快递,6195,喜剧
外公芳龄38,6042,喜剧
快手枪手快枪手,5414,动作
过年好,5405,喜剧
奔爱,4752,爱情
我们的十年,4409,爱情
冰河追凶,4321,悬疑
真相禁区,4204,悬疑
摇滚藏獒,3965,动画
我最好朋友的婚礼,3745,爱情
那件疯狂的小事叫爱情,3659,爱情
我的战争,3648,战争
天亮之前,3640,爱情
冲天火,3617,动作
蒸发太平洋,3505,悬疑
那年夏天你去了哪里,3469,悬疑
年兽大作战,3451,动画
我的新野蛮女友,3419,爱情
勇士,3322,战争
夜孔雀,3318,爱情
大唐玄奘,3304,剧情
恶人报喜,2754,喜剧
一切都好,2623,喜剧
精灵王座,2511,动画
整形师・脸,2375,惊悚
疯狂丑小鸭,2341,动画
勇士之门,2284,动作
冒牌卧底,2231,喜剧
阿里巴巴2所罗门封印,2204,动画
妄想症,2096,惊悚
一句顶一万句,2090,剧情
超能太阳鸭,2008,动画
麦兜・饭宝奇兵,1896,动画
铠甲勇士捕王,1859,动画
谎言西西里,1807,爱情
爱情麻辣烫之情定终身,1735,爱情
少年,1591,剧情
你好，疯子！,1569,喜剧
宝贝当家,1527,喜剧
谋杀似水年华,1350,爱情
青蛙总动员,1256,动画
我叫哀木涕之山口山战记,1216,动画
诡梦凶铃,1177,惊悚
再见，在也不见,1148,爱情
小明和他的小伙伴们,1125,喜剧
老阿姨,1113,剧情
在世界中心呼唤爱,1106,爱情
发条城市,1105,喜剧
筷仙,1083,惊悚
摩尔庄园3：魔幻列车大冒险,1064,动画
大火种,1045,剧情
国酒,1021,剧情
我是哪吒,995,动画
纽约纽约,955,爱情
钢刀,940,战争
床下有人3,929,惊悚
开罗宣言,902,战争
洛杉矶捣蛋计划,898,喜剧
情况不妙,887,喜剧
妖医,876,悬疑
判我有罪,866,剧情
果宝特攻之水果大逃亡,835,动画
刺猬小子之天生我刺,823,动画
泡沫之夏,815,爱情
致我们终将到来的爱情,805,爱情
育婴室,805,惊悚
魔轮,784,惊悚
蜜月酒店杀人事件,762,惊悚
黑处有什么,761,剧情
泰迪熊之玩具大战,753,动画
马小乐之玩具也疯狂,742,动画
笔仙诡影,734,惊悚
非常父子档,723,爱情
神兽金刚之青龙再现,722,动画
七月半2：前世今生,709,惊悚
六弄咖啡馆,655,爱情
路边野餐,648,剧情
我在故宫修文物,647,纪录片
毛丰美,632,传记
斗龙战士之星印罗盘,620,动画
最萌身高差,619,爱情
恐怖将映,607,爱情
猫脸老太太,586,惊悚
贫穷富爸爸,586,喜剧
箭士柳白猿,559,古装
超级保镖,552,动作
死亡游戏,552,惊悚
诡娃,526,惊悚
笔仙撞碟仙,523,惊悚
当流星划过天际,516,爱情
恶灵之门,514,惊悚
糖果世界大冒险,506,动画
龙拳小子,496,动作
终极硬汉,492,动作
幽灵医院,485,惊悚
我是处女座,468,爱情
聊斋新编之画皮新娘,453,惊悚
呆呆计划,449,喜剧
张震讲故事之合租屋,443,惊悚
青蛙王国之冰冻大冒险,434,动画
丑小鸭历险记,432,动画
魔都凶音,415,惊悚
诡新娘,400,爱情
荒村怨灵,396,惊悚
水果宝贝之水果总动员,393,动画
不速之客,392,犯罪
恐怖禁忌之红旗袍,387,惊悚
死亡笔记,369,惊悚
古曼,363,惊悚
记忆碎片,361,悬疑
荒村凶间,343,惊悚
长江图,327,爱情
我们毕业啦,292,爱情
恭喜发财之谈钱说爱,277,爱情
我不是王毛,269,喜剧
恐怖笔记,261,惊悚
夺路而逃,250,喜剧
功夫四侠,247,动画
花样厨神,242,剧情
遵义会议,239,战争
一家老小向前冲,238,喜剧
催命符,237,惊悚
半熟少女,233,爱情
夜半哭声,229,惊悚
超级幼儿园,227,动画
失眠男女,224,爱情
枕边有张脸2,218,惊悚
夏威夷之恋,216,爱情
怨灵地下室,209,惊悚
白云桥,198,惊悚
舌尖上的新年,195,纪录片
五女闹京城,195,爱情
近在咫尺的爱恋,194,爱情
凄灵室,186,惊悚
白雪公主和三只小猪,177,动画
南口1937,169,战争
生门,160,纪录片
轩辕大帝,152,剧情
动植物大战,145,动画
恐怖照相机,134,惊悚
同城邂逅,121,爱情
恋爱教父之三个“坏”家伙,114,爱情
爱在深秋,113,爱情
小蚂蚁之环球大冒险,111,动画
终极胜利,106,剧情
隔壁惊魂,105,惊悚
爱你的人,97,剧情
幸运是我,96,剧情
爸爸的3次婚礼,95,爱情
皇帝的新装之圣诞大明星,93,动画
猿创世界之熊孩子部落,86,动画
党的女儿尹灵芝,74,剧情
不朽的时光,73,剧情
热血雷锋侠之激情营救,63,动画
爱神箭,61,爱情
海洋之恋,56,爱情
异性合租的往事,45,爱情
708090之深圳恋歌,43,爱情
越,41,爱情
失心者,39,惊悚
男神抱抱,32,爱情
减法人生,32,剧情
大会师,31,战争
当我们年轻的时候,31,剧情
有迹可循,30,剧情
练胆儿,24,喜剧
杠上开花,21,喜剧
四渡赤水,20,动画
人鱼校花,19,爱情
热土悲歌,14,战争
小熊的夏天,14,喜剧
皇甫谧,11,剧情
我的女神女汉子,11,爱情
难忘金银滩,10,爱情
T台魔王,9,爱情
爱上处女座,9,喜剧
先锋之那时青春,8,战争
飞天窑女,8,爱情
脱单宝典,7,爱情
我的朋友圈,7,喜剧
最后证言,5,剧情
何去何从,4,战争
流金,3,剧情
少年梦,3,剧情
心语阳光,2,剧情
太阳河,2,战争
非常绑架,1,爱情
恋,1,喜剧
红颜容,1,剧情
骆驼客2：箭在弦,1,动作
甜水谣,0,爱情
兄弟之北漂歌手,0,爱情
活宝,0,喜剧
大山里的春天,,剧情
我的奶奶是天使,,剧情
捉妖记,244002,奇幻
寻龙诀,168274,惊悚
港,161410,喜剧
夏洛特烦恼,144161,喜剧
煎饼侠,116276,喜剧
澳门风云2,97486,动作
西游记之大圣归来,95657,动画
老炮儿,90280,剧情
碟中谍5：神秘国度,86977,动作
唐人街探案,82442,动作
天将雄师,74418,动作
狼图腾,70425,剧情
九层妖塔,68294,惊悚
恶棍天使,64959,喜剧
杀破狼2,56050,动作
战狼,54555,动作
滚蛋吧！肿瘤君,51181,爱情
小时代4：灵魂尽头,48842,爱情
左耳,48522,爱情
奔跑吧！兄弟,44644,喜剧
百团大战,41367,战争
钟馗伏魔：雪妖魔灵,40923,奇幻
道士下山,40078,喜剧
栀子花开,37901,爱情
重返20岁,36612,爱情
何以笙箫默,35352,爱情
万万没想到,32251,喜剧
横冲直撞好莱坞,32236,爱情
烈日灼心,30528,犯罪
熊出没之雪岭熊风,29572,动画
咱们结婚吧,28449,爱情
有一个地方只有我们知道,28365,爱情
前任2：备胎反击战,25200,爱情
极盗者,24855,动作
爸爸去哪儿2,22352,儿童
失孤,21618,剧情
我是证人,21527,悬疑
赤道,20974,动作
解救吾先生,19592,动作
新娘大作战,17337,爱情
怦然星动,15974,爱情
冲上云霄,15631,爱情
谜城,14886,动作
万物生长,14832,爱情
破风,14529,爱情
王朝的女人・杨贵妃,13394,爱情
玩命速递：重启之战,12849,动作
爸爸的假期,11634,喜剧
不可思异,11191,喜剧
像素大战,10097,动作
一念天堂,8279,喜剧
消失的凶手,7716,动作
洛克王国4：出发！巨人谷,7698,动画
第三种爱情,7325,爱情
黑猫警长之翡翠之星,7197,动画
一路惊喜,6978,爱情
有种你爱我,6822,爱情
命中注定,6793,爱情
喜羊羊与灰太狼之羊年喜羊羊,6781,动画
我是路人甲,6492,喜剧
桂宝之爆笑闯宇宙,6428,动画
一代宗师3D,6302,动作
陪安东尼度过漫长岁月,6265,爱情
剩者为王,6149,爱情
刺客聂隐娘,6141,动作
从天“儿”降,5663,爱情
赛尔号5：雷神崛起,5662,动画
师父,5490,动作
恋爱中的城市,5365,爱情
太平轮：彼岸,5105,爱情
少年班,5069,喜剧
既然青春留不住,5020,爱情
杜拉拉追婚记,4972,爱情
华丽上班族,4751,喜剧
坏蛋必须死,4705,喜剧
圣诞大赢家,4697,动画
暴疯语,4676,悬疑
潜艇总动员5：时光宝盒,4670,动画
猪猪侠之终极决战,4549,动画
十月初五的月光,4262,爱情
宅女侦探桂香,4137,爱情
将错就错,3937,喜剧
巴啦啦小魔仙之魔箭公主,3828,儿童
神探驾到,3741,爱情
山河故人,3226,剧情
新步步惊心,3221,爱情
土豪520,3014,爱情
兔侠之青黎传说,2973,动画
一万年以后,2778,动作
封门诡影,2582,惊悚
功夫,2560,动作
龙在哪里?,2462,动画
暴走神探,2456,动作
白幽灵传奇之绝命逃亡,2433,战争
一个勺子,2253,喜剧
可爱的你,2222,爱情
闯堂兔2疯狂马戏团,2122,动画
张震讲故事之鬼迷心窍,2093,惊悚
冲锋车,2092,动作
谍・莲花,2071,战争
重生爱人,1989,爱情
北京・纽约,1905,爱情
巴黎假期,1793,爱情
美人鱼之海盗来袭,1736,动画
旋风九日,1690,纪录片
通灵之六世古宅,1655,惊悚
魔镜奇缘,1602,动画
阿里巴巴大盗奇兵,1583,动画
我是女王,1554,爱情
吉星高照2015,1530,喜剧
十二公民,1404,剧情
咕噜咕噜美人鱼,1395,动画
年少轻狂,1309,爱情
落跑吧，爱情,1306,爱情
分手再说我爱你,1273,爱情
我的青春期,1256,喜剧
七月半之恐怖宿舍,1228,惊悚
三城记,1224,爱情
战火中的芭蕾,1211,战争
别有动机,1189,动作
喜马拉雅天梯,1156,纪录片
白雪公主之神秘爸爸,1124,动画
心迷宫,1078,剧情
龙骑侠,1075,动画
笔仙魔咒,1047,惊悚
魔镜,1039,惊悚
情敌蜜月,1036,爱情
闯入者,1004,剧情
爱我就陪我看电影,910,爱情
惊魂电影院,870,惊悚
夺命旅行,853,惊悚
半夜叫你别回头,853,惊悚
奥拉星：进击圣殿,848,动画
诱狼,848,战争
长江7号：超萌特攻队,833,动画
男神时代,826,爱情
三更车库,794,惊悚
浪漫天降,785,爱情
大喜临门,777,喜剧
怪谈,758,惊悚
蜡笔总动员,663,动画
猛龙特,635,喜剧
放飞理想,614,喜剧
汽车人总动员,584,动画
一路向前,571,爱情
擦枪走火,553,喜剧
我是谁2015,551,动作
金箍棒传奇2：沙僧的逆袭,551,动画
再见我们的十年,536,爱情
星语心愿之再爱,521,爱情
异种,509,惊悚
遥远的拥抱,507,剧情
来电不善,500,动作
宝贝，对不起,498,剧情
藏羚王之雪域精灵,477,动画
小猪班纳大电影之梦想大“帽”险,449,动画
恐怖游泳馆,424,惊悚
天眼传奇,411,动画
枕边诡影,407,爱情
人皮拼图,406,悬疑
极地大反攻,400,动画
灵臆事件,400,惊悚
穿越硝烟的歌声,341,战争
诡影迷情,341,惊悚
红髅,341,惊悚
探灵档案,334,惊悚
我爸比我小四岁,332,喜剧
爱之初体验,322,喜剧
我的诗篇,320,纪录片
轩辕剑传奇,316,动作
双生灵,311,惊悚
无敌小飞猪,308,喜剧
我只要我们在一起,308,爱情
特功明星,306,动画
狂野飞车,305,爱情
诡娃娃,287,惊悚
魔卡行动,283,喜剧
对风说爱你,278,爱情
兔子镇的火狐狸,266,动画
诡劫,259,惊悚
索命暹罗之按摩师,249,惊悚
墓穴迷城,249,惊悚
雨夜惊魂,246,惊悚
西游新传2：真心话大冒险,246,动画
死亡之谜之双鱼玉佩,244,惊悚
亲，别怕,227,惊悚
没女神探,201,爱情
菜鸟,192,爱情
搏击迷城,186,爱情
我的处女地,183,剧情
摇滚英雄,181,爱情
热血男人帮,179,喜剧
1980年代的爱情,177,爱情
超能兔战队,176,动画
回到被爱的每一天,169,爱情
犹太女孩在上海2：项链密码,165,动画
悬战,162,动作
王子与108煞,159,动画
陌路惊笑,157,惊悚
最美的时候遇见你,156,爱情
大宅男,147,喜剧
诡打墙,134,惊悚
拳霸风云,134,爱情
迷与狂,126,喜剧
黄金福将,125,爱情
东北偏北,93,喜剧
魔比斯环3D,92,动画
少年毛泽东,85,动画
恋爱排班表,84,爱情
全能灏,83,喜剧
家在水草丰茂的地方,82,剧情
斗地主,81,喜剧
根据地,79,纪录片
我要你开花,78,喜剧
约定倒计时,68,爱情
天亮・分手,58,爱情
摇滚水果,53,爱情
顺风车,51,喜剧
紫霞,49,奇幻
零点杀机,47,惊悚
电商时代,46,喜剧
时光大战,45,动作
美丽笨女人,39,爱情
女神跟我走,38,爱情
胜利大阅兵,32,纪录片
哺乳期的女人,29,剧情
探秘者,29,剧情
逶,27,爱情
梦行者,24,剧情
幸福很,24,爱情
遭遇海明威,22,爱情
桑榆街9号,21,剧情
爱情魔发师,20,爱情
痞子・洛克,16,动作
不能错过,14,爱情
一刻十年,12,爱情
我是大明星,10,喜剧
钢铁，是这样炼成的,10,纪录片
火云端,10,剧情
男二本色,6,喜剧
水晶女孩,5,剧情
军号密码,5,战争
北京时间,1,爱情
大音,1,剧情
风雨日升昌,1,纪录片
莫日根,1,动画
漫瀚调,1,爱情
多梦季节,0,剧情
旺都之恋,0,爱情
追梦英雄,0,剧情
天降,0,剧情
闺蜜心窍,0,惊悚
乌珠穆沁的孩子,0,剧情
灵魂摆渡2,,悬疑
变形金刚4：绝迹重生,197752,科幻
心花路放,116934,喜剧
西游记之大闹天宫,104550,奇幻
智取威虎山,88418,动作
分手大师,66544,爱情
后会无期,62881,爱情
匆匆那年,58850,爱情
澳门风云,52479,动作
小时代3：刺金时代,52156,爱情
一步之遥,51495,喜剧
同桌的,45576,爱情
敢死队3,45327,动作
京城81号,41232,惊悚
北京爱情故事,40555,爱情
白发魔女传之明月天国,38915,古装
亲爱的,34497,剧情
窃听风云3,30870,犯罪
归来,29147,爱情
微爱之渐入佳境,28637,爱情
催眠大师,27391,惊悚
熊出没之夺宝熊兵,24808,动画
撒娇女人最好命,23049,爱情
一生一世,22851,爱情
老男孩之猛龙过江,20887,喜剧
闺蜜,20494,爱情
痞子英雄2：黎明升起,20429,动作
单身男女2,19858,爱情
太平轮（上）,19542,爱情
四大名捕3,19233,古装
大话西游之大圣娶亲,18920,喜剧
黄飞鸿之英雄有梦,18423,动作
我的早更女友,16180,爱情
冰封：重生之门,14270,动作
前任攻略,12969,爱情
十万个冷笑话,11988,喜剧
狂怒,11902,动作
一个人的武林,11843,动作
魔警,10833,动作
白日焰火,10371,爱情
临时同居,10108,爱情
绣春刀,9324,动作
喜羊羊与灰太狼之飞马奇遇记,8624,动画
整容日记,8441,喜剧
六福喜事,8091,爱情
救火英雄,7746,动作
触不可及,7682,爱情
英雄之战,7458,动作
露水红颜,6629,爱情
盗马记,6273,喜剧
赛尔号4大电影：圣魔之战,6233,动画
神秘世界历险记2,6194,动画
秦时明月之龙腾万里,5998,动画
神笔马良,5864,动画
龙之谷：破晓奇兵,5741,动画
脱轨时代,5473,爱情
黄金时代,5154,传记
笔仙3,5038,惊悚
潜艇总动员4：章鱼奇遇记,4914,动画
洛克王国3：圣龙的守护,4788,动画
麦兜・我和我妈妈,4640,动画
铠甲勇士之雅塔莱斯,4442,动画
猪猪侠之勇闯巨人岛,4365,动画
新大头儿子和小头爸爸之秘密计划,4245,动画
绝命航班,3673,惊悚
笔仙惊魂3,3531,惊悚
全城通缉,3505,犯罪
天河,3324,剧情
王牌,3165,战争
大话天仙,2962,喜剧
完美假妻168,2929,爱情
开心超人2：启源星之战,2803,动画
疯狂72小时,2736,喜剧
辛巴达历险记2,2596,动画
怨灵人偶,2592,惊悚
魁拔Ⅲ战神崛起,2511,动画
百变爱人,2416,喜剧
老海的新生活,2328,剧情
最青春,2288,剧情
食人虫,2258,惊悚
好命先生,2213,爱情
夜莺,2204,爱情
魔幻仙踪,2187,动画
谁说我们不会爱,2147,爱情
我在路上最爱你,2085,爱情
碟仙诡谭,2013,惊悚
巴啦啦小魔仙之魔法的考验,1916,奇幻
怨灵,1895,惊悚
81号农场之疯狂的麦咭,1879,动画
白雪公主之矮人力量,1763,动画
不能说的夏天,1668,爱情
床下有人2,1490,惊悚
人间・小团圆,1431,爱情
过界男女,1424,爱情
男人不可以穷,1376,喜剧
夜半梳头,1348,惊悚
推拿,1315,爱情
我的播音系女友,1283,爱情
女生宿舍,1283,惊悚
恐怖电影院,1228,惊悚
天上的菊美,1177,纪录片
龟兔再跑,1173,动画
永远的焦裕禄,1156,纪录片
江湖论剑实录,1094,喜剧
不再说分手,1028,爱情
大话西游之月光宝盒,1027,喜剧
深夜前的五分钟,1007,爱情
坏姐姐之拆婚联盟,993,爱情
诡镇,933,惊悚
密道追踪之阴兵虎符,901,动作
最佳嫌疑人,885,喜剧
聪明的一休之反斗公主,804,动画
恶战,804,动作
还魂之迷失曼谷,778,惊悚
爱情进化论,763,爱情
洋妞到我家,756,喜剧
特工艾米拉,742,动作
诡八楼,729,惊悚
美人邦,703,爱情
化妆师,668,惊悚
我就是我,653,爱情
死亡邮件,646,惊悚
拆散专家,638,爱情
花咒,628,惊悚
非狐外传,609,古装
诡替身,602,惊悚
封门村,567,惊悚
怖偶,564,惊悚
死亡派对,551,惊悚
闪魂,539,惊悚
秘术,504,惊悚
激浪青春,498,爱情
分手达人,442,爱情
太空熊猫总动员,439,动画
蓝色骨头,420,剧情
林中小屋,396,爱情
求爱嫁期,382,爱情
孤岛,360,惊悚
缘来是游戏,327,爱情
城市游戏,327,动作
李可乐寻人记,320,喜剧
谁动了我的梦想,319,爱情
我想结婚的时候你在哪,281,爱情
对不起，我爱你,280,爱情
下一站再爱你,254,爱情
北回归线,247,爱情
三小强,244,动画
心咒,243,惊悚
香气,239,爱情
兰亭,236,爱情
完美超越,233,喜剧
黄克功案件,227,剧情
有一天,220,剧情
摩登森林之美食总动员,217,动画
忘了去懂你,213,爱情
警察日记,211,犯罪
我是狼之火龙山大冒险,208,动画
一号目标,205,动作
放手爱,199,爱情
虐面人之死灵面膜,195,惊悚
21岁派对,175,喜剧
喵星少年漂流记,171,动画
超萌英雄,169,爱情
狙击时刻,169,动作
破局,164,爱情
斐济99℃爱情,127,爱情
江南爱情故事,123,爱情
大寒桃花开,114,爱情
风云1927,108,战争
金牌流浪狗,105,喜剧
黑月,97,惊悚
精武青春,96,爱情
古堡之吻,92,爱情
一个温州的女人,92,爱情
201413爱你一世一生,90,爱情
潜龙风云,85,爱情
不爱不散,77,爱情
我是你的野蛮女友,77,爱情
再爱一次好不好,76,爱情
夺樽,74,动作
爱情狂想曲,59,爱情
十二生肖城市英雄,59,动画
我的青春蜜友,57,爱情
0.5的爱情,56,爱情
海神密码,56,动作
201413,55,爱情
大峰祖师,49,惊悚
37次想你,49,爱情
第一眼爱情,47,爱情
U盘,40,喜剧
80后的独立宣言,40,青春
近距离击杀,39,悬疑
恋者多喜欢,38,爱情
飞鱼秀,33,纪录片
菊花台,32,爱情
幸福中转栈,31,喜剧
卧龙岗,29,喜剧
爱你不等来生,26,爱情
剑河,25,动作
章鱼哥,24,动画
渴望的青春,19,爱情
换爱七日,18,爱情
深情约定,18,剧情
神剑传奇,10,动画
等你追我,10,爱情
分手木马计,8,爱情
我不是贼,7,喜剧
青春时光,7,爱情
凡人烦恼,3,喜剧
跑过罗湖桥,1,剧情
跑过罗湖桥,1,剧情
跑过罗湖桥,1,剧情
跑过罗湖桥,1,剧情
合欢树,1,爱情
蚀之怀朴抱素,1,剧情
蚀之章台秋柳,1,爱情
破五,1,剧情
面孔,0,剧情
面孔,0,剧情
面孔,0,剧情
面孔,0,剧情
奈河,0,剧情
向阳花开,,爱情
西游降魔篇,124699,奇幻
钢铁侠3,75487,动作
致我们终将逝去的青春,71918,青春
私人订制,71380,喜剧
狄仁杰之神都龙王,60078,动作
中国合伙人,53880,爱情
警察故事2013,53439,动作
北京遇上西雅图,52017,爱情
小时代,48481,青春
风暴,31475,动作
天机・富春山居图,30032,动作
小时代2：青木时代,29630,爱情
一代宗师,28924,动作
不二神探,28401,悬疑
厨子戏子痞子,27284,动作
扫毒,23791,动作
盲探,21420,动作
101次求婚,20001,爱情
分手合约,19285,爱情
全民目击,18119,悬疑
一夜惊喜,17733,爱情
四大名捕2,17429,动作
云图,17020,悬疑
特殊身份,15527,动作
被偷走的那五年,14941,爱情
毒战,14696,动作
非常幸运,13708,爱情
逃出生天,13308,动作
喜羊羊与灰太狼之喜气羊羊过蛇年,12494,动画
天台爱情,11983,爱情
激战,11789,动作
大明猩,11282,喜剧
我想和你好好的,8774,爱情
笔仙2,8217,惊悚
等风来,7979,爱情
赛尔号大电影3之战神联盟,7650,动画
我爱灰太狼2,7549,动画
笑功震武林,7022,动作
洛克王国2圣龙的心愿,6954,动画
摩登年代,6845,爱情
忠烈杨家将,6182,动作
周恩来的四个昼夜,5985,纪录片
百星酒店,5831,喜剧
潜艇总动员3：彩虹宝藏,5756,动画
宫锁沉香,5448,古装
巴啦啦小魔仙,5190,奇幻
控制,4363,悬疑
辛巴达历险记2013,4022,动画
开心超人,3566,动画
史前怪兽,3483,动作
在一起,3228,爱情
白狐,3154,爱情
我爱的是你爱我,3029,爱情
青春派,2814,青春
太极侠,2757,动作
81号农场之保卫麦咭,2532,动画
魁拔之大战元泱界,2530,动画
意外的恋爱时光,2363,爱情
枕边有张脸,2355,惊悚
圣诞玫瑰,2349,悬疑
一场风花雪月的事,2276,爱情
同谋,2258,惊悚
电梯惊魂,2221,惊悚
昆塔・盒子总动员,1819,动画
诡婴吉咪,1819,惊悚
青蛙王国,1777,动画
孤岛惊魂2,1673,惊悚
一路顺疯,1425,喜剧
201314,1326,爱情
制服,1294,惊悚
金刚王：死亡救赎,1271,动作
波鲁鲁冰雪大冒险,1220,动画
爱神,1212,爱情
女蛹,1192,悬疑
叶问：终极一战,1113,动作
回到爱开始的地方,1109,爱情
古镇凶灵之巫咒缠身,1065,惊悚
杀戒,948,爱情
绿林大冒险,939,动画
逆光飞翔,889,爱情
愤怒的小孩,845,喜剧
校花诡异事件,801,惊悚
临终迨,782,惊悚
我的男男男男朋友,780,喜剧
咒丝,744,惊悚
爱情不NG,723,喜剧
暗恋99天,704,爱情
一座城池,688,青春
午夜火车,679,惊悚
一路狂奔,588,喜剧
火焰山历险记,583,动画
猎仇者,581,悬疑
圣龙奇兵大冒险,571,动画
金太狼的幸福生活,561,爱情
午夜微博,537,惊悚
爱情银行,536,爱情
铁血娇娃,522,动作
我为相亲狂,517,爱情
疯狂的导演,504,喜剧
冲锋战警,492,动作
步步追魂,479,惊悚
大叔，我爱你,476,爱情
大明劫,455,古装
4B青年之4楼B座,452,爱情
止杀令,451,动作
终极大冒险,447,动画
人间蒸发,433,惊悚
时光恋人,414,爱情
甜心巧克力,413,爱情
粉红女郎之爱人快跑,401,爱情
光辉岁月,377,动作
楼,372,惊悚
诡魇,357,惊悚
大片,352,喜剧
迷魂之密室逃脱,349,惊悚
夜幕惊魂,333,惊悚
北漂鱼,333,喜剧
模特魅影,333,惊悚
全城高考,332,爱情
中国好声音之为你转身,302,剧情
冷瞳,285,惊悚
少女灵异日记,259,惊悚
蝙蝠别墅,256,惊悚
啊朋友还钱,253,喜剧
早见，晚爱,244,爱情
太空熊猫历险记,230,动画
初恋未满,226,爱情
花漾,218,爱情
爱爱迨,212,爱情
梦幻岛,209,爱情
杨光的快乐生活,207,喜剧
萧红,203,爱情
诡拼车,201,惊悚
暴走吧，女人,199,爱情
让熊猫飞,190,喜剧
不肯去观音,178,纪录片
隔窗有眼,175,惊悚
西柏坡2：王二小,171,动画
听见下雨的声音,171,爱情
柠檬,168,喜剧
我的老婆是只猫,165,动画
公主的诱惑,162,青春
小小飞虎队,151,儿童
郑和1405：魔海寻踪,151,动画
冲锋号,139,动画
三月情流感,136,爱情
功夫战斗机,131,动作
暴躁天使,127,爱情
爱别离,124,爱情
高铁英雄,119,动画
玛德2号,117,喜剧
盗剑72小时,108,喜剧
小神来了,105,喜剧
绑架大明星,104,喜剧
危情营救,102,犯罪
青春雷锋,100,传记
钢琴木马,91,悬疑
百万爱情宝贝,86,爱情
孪生密码,82,动作
爱拼北京,80,爱情
迦酥越挠越痒,79,喜剧
幸福快递,79,青春
致命闪玩,73,惊悚
刺夜,73,动作
夏日示爱,73,爱情
梦幻飞琴,71,动画
光的棍,70,爱情
美姐,68,爱情
功夫侠,67,动作
倾城,66,动作
喜剧王,60,喜剧
亲爱,60,爱情
我的美丽王国,57,爱情
牛胆神偷,51,喜剧
残团,50,战争
东方中国梦,49,纪录片
甜蜜十八岁,48,青春
雷锋的微笑,46,纪录片
有招没招之爱情达人,45,爱情
有种,40,青春
爱很美,39,爱情
门巴将军,38,纪录片
非秀不可,34,爱情
石器时代之百万大侦探,32,喜剧
飘落的羽毛,32,爱情
越位者,30,动作
目标战,29,动作
野草莓,25,青春
逆袭,19,喜剧
刘老庄八十二壮士,18,战争
太阳脸,14,儿童
刺客,11,动作
我要回城,10,喜剧
武昌情殇,9,剧情
舍身技,4,动作
云中岗亭,3,传记
老刘的婚路历程,2,剧情
爱情碰碰撞,2,爱情
姑娘,1,爱情
梦萦张家界,0,剧情
微风吹乱蜗牛心,0,剧情
无枪,0,剧情
阿拉尔・我和你,0,剧情
伊宁不眠夜,0,剧情
生死底线,0,剧情
人再逋局泰,127194,喜剧
十二生肖,88118,动作
画皮2,70211,爱情
一九四二,37113,战争
敢死队2,33218,动作
听风者,23220,剧情
四大名捕,19985,动作
大魔术师,17364,爱情
搜索,17315,悬疑
喜羊羊与灰太狼之开心闯龙年,16762,动画
消失的子弹,16043,动作
大海啸之鲨口逃生,15709,动作
黄金大劫案,15031,喜剧
大上海,14976,动作
太极1：从零开始,14732,动作
白鹿原,14199,剧情
爱,13673,爱情
环形使者,12948,科幻
逆战,12940,动作
太极2：英雄崛起,11844,动作
二次曝光,10739,爱情
铜雀台,10607,剧情
痞子英雄之全面开战,8744,动作
八星抱喜,8622,喜剧
我愿意,8497,爱情
王的盛宴,7700,古装
我爱灰太狼,7535,动画
血滴子,7188,动作
河东狮吼2,7092,喜剧
春娇与志明,7060,爱情
桃姐,7052,剧情
危险关系,6271,爱情
笔仙,5817,惊悚
新天生一对,5218,爱情
麦兜・当当伴我心,4903,动画
HOLD住爱,4414,爱情
饭局也疯狂,4382,喜剧
绣花鞋,4343,惊悚
大武当之天地密码,3796,动作
第一次,3581,爱情
赛尔号2：雷伊与迈尔斯,3122,动画
男人如衣服,3120,爱情
边境风云,2924,动作
匹夫,2766,动作
车在逋,2751,喜剧
我老公不靠谱,2596,喜剧
嫁个100分男人,2526,爱情
摩尔庄园2：海妖宝藏,2525,动画
雨中的树,2392,传记
笔仙惊魂,2351,悬疑
双城计中计,2308,喜剧
神秘世界历险记,2209,动画
情谜,2195,爱情
高海拔之恋2,2149,爱情
十二星座离奇事件,2005,惊悚
杀生,1915,惊悚
忠诚与背叛,1823,战争
影子爱人,1816,爱情
搞定岳父大人,1771,喜剧
追凶,1668,犯罪
潜艇总动员2,1666,动画
真心话大冒险,1527,爱情
毕业那年,1493,青春
恐怖旅馆,1447,惊悚
疯狂的蠢贼,1386,喜剧
亲家过年,1296,爱情
百万巨鳄,1288,惊悚
诡爱,1203,惊悚
猪猪侠之逦；,1188,动画
伤心童话,1147,爱情
半夜不要照镜子,1146,惊悚
天生爱情狂,1139,爱情
吴仁宝,1113,传记
金箍棒传奇,1097,动画
醉后一夜,992,爱情
目击者,895,惊悚
形影不离,894,悬疑
青魇,818,惊悚
变身男女,806,爱情
神探亨特张,781,剧情
夜店诡谈,756,惊悚
给野兽献花,750,喜剧
宝岛双雄,732,喜剧
钱学森,721,传记
地下室惊魂,705,惊悚
魅妆,686,惊悚
新妈妈再爱我一次,594,爱情
无间罪：僵尸重生,584,惊悚
超蛙战士之威武教官,558,动画
浮城谜事,554,爱情
秘密花园,546,爱情
爱在那一天,534,爱情
飞越老人院,526,剧情
乐翻天,508,喜剧
我11,498,剧情
宝贝女儿好妈妈之吃记忆的大雪球,462,动画
饮食男女2012,454,爱情
我是大熊猫,434,动画
宝马狂想曲,421,喜剧
绝录求生,417,惊悚
一八九四・甲午大海战,415,战争
邋遢大王奇遇记,415,动画
神通乡巴佬,407,爱情
惊魂游戏,395,惊悚
高举爱,388,爱情
重返大海,386,动画
悬赏,378,爱情
超时空救兵,374,喜剧
荒岛情未了,372,悬疑
恋爱三万英尺,341,爱情
孝女彩金,330,剧情
下一个奇迹,324,爱情
就是闹着玩的,324,喜剧
守株人,309,悬疑
初恋浅规则,302,爱情
查无此人,294,悬疑
异度迷局,294,惊悚
热爱岛,278,喜剧
乌龙戏凤2012,273,喜剧
地域无门,268,惊悚
死亡迷局,267,惊悚
万箭穿心,265,爱情
致命替身,262,惊悚
玩命时光,256,动作
开心大冒险,255,喜剧
一起飞,241,喜剧
结婚狂想曲,237,爱情
幸福迷途,228,爱情
十五岁的笑脸,225,青春
海鲜陆战队,221,动画
浮出水面的影子,218,惊悚
平壤之约,214,剧情
生死罗布泊,205,剧情
请叫我英雄,201,喜剧
台北飘雪,195,爱情
非常绑匪,193,喜剧
热血街头,192,青春
狂奔蚂蚁,191,喜剧
借你俩胆,188,喜剧
今天・明天,179,动画
爱谁谁,172,爱情
华丽之后,168,爱情
四戒,166,喜剧
街头之王,160,动作
女人如花,160,爱情
索道医生,155,传记
做次有钱人,153,喜剧
宓捌姹,149,儿童
稍安勿躁,146,剧情
索马里真相,145,战争
咱们是亲人,140,剧情
非常营救,138,悬疑
拯救第365天,138,动画
人山人海,119,剧情
黑暗中的救赎,109,悬疑
纽约客@上海,108,喜剧
潘多拉的宝剑,105,喜剧
南平红荔,105,剧情
小鱼吃大鱼,105,爱情
绝对底线,102,犯罪
哭笑不得,102,喜剧
八卦宗师,100,动作
月色狰狞,98,动作
美男记,89,爱情
神马都是浮云,88,喜剧
残梦,75,悬疑
关于爱情和那些魔鬼,67,爱情
大兵金宝历险记,67,动画
爱你一生一世,64,爱情
初到东京,62,爱情
自古英雄出少年之岳飞,59,喜剧
浩昊文字国历险记：三战怪怪城,58,动画
咆哮无声,48,战争
蓝调海之恋,45,爱情
双截棍,43,动作
骆驼客,41,爱情
给你一千万,40,喜剧
我的狗狗我的爱,38,剧情
倭寇的踪迹,37,战争
岁月无声,35,剧情
南方大冰雪,32,剧情
刘伯承市长,26,战争
保安刘十八,26,剧情
与妻书,25,爱情
我是中国人,24,战争
云上太阳,22,剧情
七个隆咚锵咚锵,18,喜剧
有这样一个医生,18,剧情
最长的拥抱,15,爱情
百合的故事,13,剧情
桃枝的桃,11,爱情
月光恋,8,爱情
湘南起义,5,战争
界限,2,剧情
爱上灰姑娘,2,爱情
八大山人,2,古装
有一种爱叫做放手,1,喜剧
沙井村之恋,,爱情
金陵十三钗,59237,战争
龙门飞甲,54031,动作
建党伟业,41042,战争
失恋33天,32064,爱情
新少林寺,21258,动作
窃听风云2,20896,动作
将爱情进行到底,19364,爱情
白蛇传说,18043,奇幻
武侠,17022,动作
最强质,16716,喜剧
关云长,15742,动作
画壁,15067,爱情
倩女幽魂,13982,爱情
鸿门宴,13972,动作
喜羊羊与灰太狼之兔年顶呱呱,13925,动画
亲密敌人,11042,爱情
财神客栈,10244,喜剧
单身男女,9527,爱情
孤岛惊魂,8905,惊悚
杨善洲,8347,传记
战国,7605,战争
东成西就2011,7498,喜剧
观音山,6995,爱情
飞天,6574,传记
我知女人心,6537,爱情
最爱,5832,爱情
全球热恋,5826,爱情
神奇侠侣,5061,喜剧
熊猫总动员,4568,动画
赛尔号之寻找凤凰神兽,4408,动画
倾城之泪,4399,爱情
大武生,4268,动作
雪花秘扇,3502,爱情
杨门女将之军令如山,3495,动作
寻龙夺宝,3212,动作
假装情侣,3134,爱情
幸福额度,2935,爱情
洛克王国！圣龙骑士,2729,动画
B+侦探,2502,悬疑
极速天使,2461,动作
硬汉2：奉陪到底,2327,动作
刀见笑,2233,喜剧
无价之宝,2196,喜剧
巴黎宝贝,2120,喜剧
开心魔法,2004,喜剧
不再让你孤单,2000,爱情
郭明义,1921,传记
守望者：罪恶迷途,1784,惊悚
摩尔庄园冰世纪,1747,动画
夺命心跳,1638,悬疑
大人物,1628,喜剧
兔侠传奇,1565,动画
密室之不可靠岸,1532,惊悚
星空,1510,剧情
B区32号,1492,惊悚
床下有人,1486,惊悚
隐婚男女,1407,爱情
肩上蝶,1267,奇幻
紫宅,1055,惊悚
致命请柬,1032,悬疑
午夜凶梦,923,惊悚
巨额交易,918,喜剧
回马枪,908,动作
梦游3D,897,惊悚
遍地狼烟,880,动作
夜惊魂,839,惊悚
李献计历险记,830,爱情
无极限之危情速递,758,爱情
男得有爱,710,爱情
一夜未了情,695,爱情
戒烟不戒酒,695,喜剧
钢的琴,662,喜剧
与时尚同居,568,爱情
歼十出击,541,动作
我们约会吧,523,爱情
宅男总动员,511,喜剧
水落石出,508,惊悚
魁拔,500,动画
追爱,492,爱情
像小强一样活着,467,喜剧
转山,441,剧情
万有引力,440,爱情
夏日乐悠悠,436,爱情
不怕贼惦记,389,喜剧
房不剩防,379,喜剧
恋爱恐慌症,378,爱情
爱封了,353,爱情
秋之白华,337,传记
嘿・店,333,喜剧
恐龙宝贝,327,动画
蛋炒饭,323,喜剧
智取威虎山(动画版),308,动画
劳拉的星星在中国,301,动画
跟踪孔令学,271,喜剧
2012来了,244,喜剧
西柏坡,243,动画
敏感事件,231,悬疑
Hello，树先生！,222,喜剧
逄郊讶,211,喜剧
蔡李佛-极限拳速,184,动作
老夫子之小水虎传奇,180,动画
双人床条约,172,爱情
幸福卡片,166,剧情
赛车传奇,162,爱情
岁岁清明,157,剧情
惊沙,151,战争
藏獒多吉,149,动画
夏日恋神马,138,爱情
湘江北去,137,战争
芳香之城传奇,135,爱情
少年岳飞传奇,134,动画
光棍终结者,120,爱情
新月魅影,118,惊悚
无底洞,116,悬疑
英雄喋血,105,战争
闯堂兔,102,动画
左利军,99,传记
堵车,92,动作
乌鲁木齐的天空,88,剧情
蔡李佛拳,75,动作
谁主沉浮,65,剧情
你是哪里人,65,喜剧
竞雄女侠秋瑾,61,传记
失控,61,惊悚
大太阳,60,剧情
一路惊心,52,喜剧
古宝奇缘,50,喜剧
幸存日,47,惊悚
星海,45,传记
炫舞天鹅,45,剧情
守护童年,43,儿童
云下的日子,42,喜剧
北川重生,41,剧情
琴动我心,29,剧情
天赐,18,纪录片
假如没有你,17,剧情
重来,17,爱情
甲天下,15,剧情
西藏往事,14,爱情
百年情书,14,传记
大震撼,13,剧情
亲亲我,12,喜剧
黑客悲情,11,犯罪
绝代：末代女土司,9,动作
消失的村庄,9,剧情
让子弹飞,65355,动作
非诚勿扰2,47159,爱情
狄仁杰之通天帝国,28620,古装
叶问2：宗师传奇,23111,动作
大兵小将,15729,动作
大笑江湖,15167,喜剧
山楂树之恋,14497,爱情
锦衣卫,14187,动作
精武风云・陈真,13657,动作
越光宝盒,13064,喜剧
全城热恋,12943,爱情
枪王之王,12658,动作
杜拉拉升职记,12441,爱情
喜羊羊与灰太狼之虎虎生威,12438,动画
孔子,9951,传记
全城戒备,8998,科幻
西风烈,6847,动作
花田喜事2010,5984,喜剧
未来警察,5899,科幻
唐伯虎点秋香2之四大才子,5609,喜剧
恋爱通告,5302,爱情
线人,5276,动作
苏乞儿,4897,动作
功夫梦,4714,动作
决战刹马镇,4570,喜剧
谍海风云,4546,爱情
人在逋,3763,喜剧
美丽密令,3740,喜剧
魔侠传之唐吉可德,3712,动作
午夜心跳,3061,惊悚
东风雨,2984,悬疑
龙凤店,2921,喜剧
嘻游记,2891,喜剧
密室之不可告人,2423,惊悚
荒村公寓,2290,惊悚
我的野蛮女友2,2040,爱情
长江7号爱地球,2001,动画
异度公寓,1977,惊悚
火龙对决,1843,动作
完美嫁衣,1806,喜剧
绝命岛,1783,惊悚
第一书记,1612,传记
岁月神偷,1561,剧情
海洋天堂,1413,剧情
叶问前传,1318,动作
李小龙我的兄弟,1300,传记
爱出色,1294,爱情
黑猫警长,1249,动画
超蛙战士之初露锋芒,915,动画
等着你回来,855,惊悚
出水芙蓉,842,爱情
三笑之才子佳人,799,喜剧
爱情维修站,763,爱情
大玩家,748,喜剧
功夫咏春,728,动作
一路有你,725,爱情
跟我的前妻谈恋爱,683,爱情
爱情36计,596,爱情
虎王归来,564,动画
摇摆de婚约,510,爱情
庐山恋2010,502,爱情
活该你单身,487,爱情
铠甲勇士之帝皇侠,481,科幻
迷城,413,惊悚
A面B面,402,剧情
终极匹配,325,爱情
虹猫蓝兔火凤凰,318,动画
喋血孤城,311,战争
异空危情,298,惊悚
绑架冰激凌,206,喜剧
日照重庆,204,剧情
西游新传,186,动画
四个丘比特,143,剧情
打擂台,135,喜剧
我的雷人男友,133,喜剧
老虎都要嫁,121,爱情
大胃王,115,喜剧
不是闹着玩的,113,喜剧
世博总动员,111,动画
梦回金沙城,109,动画
好雨时节,99,爱情
一不留神,94,喜剧
娜娜的玫瑰战争,90,爱情
如梦,87,爱情
追踪章鱼保罗,84,惊悚
我们天上见,81,剧情
马文的战争,70,剧情
海上传奇,62,纪录片
一只狗的大学时光,58,喜剧
西域传奇,50,动画
舞吧！昴,47,剧情
熊出没注意,46,爱情
截拳道,42,动作
麻辣甜心,38,喜剧
海底淘法,31,动画
乌龟也上网,28,科幻
寻找刘三姐,26,爱情
玩酷青春,19,剧情
澳门1949,13,剧情
纺织姑娘,10,剧情
米香,10,剧情
我是植物人,9,剧情
哥的传说,4,爱情
玩命魔术,4,悬疑
天上人,3,剧情
永恒之火,2,纪录片
